<?xml version="1.0" encoding="UTF-8"?>

<!DOCTYPE sqlMapConfig
 PUBLIC 
       "-//ibatis.apache.org//DTD SQL Map Config 2.0 //EN"
       "http://ibatis.apache.org/dtd/sql-map-config-2.dtd"> 

<sqlMapConfig>
    <properties resource="sql/db_mssql_official.properties"/>
	<settings 
	useStatementNamespaces="false" 
	cacheModelsEnabled="true" 
	enhancementEnabled="true" 
	lazyLoadingEnabled="true" 
	statementCachingEnabled="true"
	classInfoCacheEnabled="true" 
	/>
<!-- Optional Properties Below
	maxRequests="128" 
	maxSessions="128" 
	maxTransactions="128" 
-->	 
	<transactionManager type="JDBC">
		<dataSource type="SIMPLE">
        <property name="JDBC.Driver" value="${db_driver}"/>
        <property name="JDBC.ConnectionURL" value="${db_url}"/>
        <property name="JDBC.Username" value="${db_username}"/>
        <property name="JDBC.Password" value="${db_password}"/> 
<!-- Optional Properties Below
			<property name="JDBC.DefaultAutoCommit" value="false" />
			<property name="Pool.MaximumActiveConnections" value="200" />
			<property name="Pool.MaximumIdleConnections" value="20" />
			<property name="Pool.MaximumCheckoutTime" value="5000" />
			<property name="Pool.TimeToWait" value="1000" />
			<property name="Pool.PingEnabled" value="false" />
-->	 			
		</dataSource>
	</transactionManager>

	<sqlMap resource="sql/gasmaxeye/GASMAXEYE_APP_USER.xml" />
	<sqlMap resource="sql/gasmaxeye/GASMAXEYE_AREA_TYPE_CODE.xml" />
	<sqlMap resource="sql/gasmaxeye/GASMAXEYE_CUSTOMER_TANK_DETAIL_LIST.xml" />
	<sqlMap resource="sql/gasmaxeye/GASMAXEYE_EMPLOYEE_CODE.xml" />
	<sqlMap resource="sql/gasmaxeye/GASMAXEYE_WEEKLY_LIST.xml" />
	<sqlMap resource="sql/gasmaxeye/GASMAXEYE_CHECK_VOLUME.xml" />
	<sqlMap resource="sql/gasmaxeye/GASMAXEYE_CHECK_VOLUME_DETAIL_LIST.xml" />	

    <sqlMap resource="sql/gasmaxplus/GASMAXPLUS_APP_USER.xml" />
	<sqlMap resource="sql/gasmaxplus/GASMAXPLUS_AREA_TYPE_CODE.xml" />
	<sqlMap resource="sql/gasmaxplus/GASMAXPLUS_CUSTOMER_TANK_DETAIL_LIST.xml" />
	<sqlMap resource="sql/gasmaxplus/GASMAXPLUS_EMPLOYEE_CODE.xml" />
	<sqlMap resource="sql/gasmaxplus/GASMAXPLUS_WEEKLY_LIST.xml" />
	<sqlMap resource="sql/gasmaxplus/GASMAXPLUS_CHECK_VOLUME.xml" />
	<sqlMap resource="sql/gasmaxplus/GASMAXPLUS_CHECK_VOLUME_DETAIL_LIST.xml" />
	<sqlMap resource="sql/gasmaxplus/GASMAXPLUS_CYLINDER_LIST.xml" />
	<sqlMap resource="sql/gasmaxplus/GASMAXPLUS_CYLINDER_DETAIL_LIST.xml" />
	<sqlMap resource="sql/gasmaxplus/GASMAXPLUS_LEVEL_COUNT.xml" />
	<sqlMap resource="sql/gasmaxplus/GASMAXPLUS_CUSTOMER_INFO.xml" />
	<sqlMap resource="sql/gasmaxplus/GASMAXPLUS_CYLINDER_PLAN_INFO.xml" />
	<sqlMap resource="sql/gasmaxplus/GASMAXPLUS_CYLINDER_PLAN_LIST.xml" />
	<sqlMap resource="sql/gasmaxplus/GASMAXPLUS_CYLINDER_SUPPLY_LIST.xml" />

	<sqlMap resource="sql/gasmaxplus/GASMAXPLUS_CUSTOMER_DETAIL_INFO.xml" />

</sqlMapConfig>