<?xml version="1.0" encoding="UTF-8"?>

<!DOCTYPE sqlMapConfig
 PUBLIC 
       "-//ibatis.apache.org//DTD SQL Map Config 2.0 //EN"
       "http://ibatis.apache.org/dtd/sql-map-config-2.dtd"> 

<sqlMapConfig>
	<settings 
	useStatementNamespaces="false" 
	cacheModelsEnabled="true" 
	enhancementEnabled="true" 
	lazyLoadingEnabled="true" 
	statementCachingEnabled="true"
	classInfoCacheEnabled="true" 
	/>
<!-- Optional Properties Below
	maxRequests="128" 
	maxSessions="128" 
	maxTransactions="128" 
-->	 
	<transactionManager type="JDBC">
		<dataSource type="SIMPLE">
        <property name="JDBC.Driver" value="com.microsoft.sqlserver.jdbc.SQLServerDriver"/>
        <property name="JDBC.ConnectionURL" value="jdbc:sqlserver://joainfo.dyndns.org:2521;DatabaseName=GasMax_EYE;SelectMethod=Cursor;"/>
        <property name="JDBC.Username" value="EYE_MAP"/>
        <property name="JDBC.Password" value="EYE_MAP_PASS"/> 
<!-- Optional Properties Below
			<property name="JDBC.DefaultAutoCommit" value="false" />
			<property name="Pool.MaximumActiveConnections" value="200" />
			<property name="Pool.MaximumIdleConnections" value="20" />
			<property name="Pool.MaximumCheckoutTime" value="5000" />
			<property name="Pool.TimeToWait" value="1000" />
			<property name="Pool.PingEnabled" value="false" />
-->	 			
		</dataSource>
	</transactionManager>

	<sqlMap resource="sql/gasmaxplus/GASMAXPLUS_AREA_TYPE_CODE.xml" />
	<sqlMap resource="sql/gasmaxplus/GASMAXPLUS_EMPLOYEE_CODE.xml" />
	<sqlMap resource="sql/gasmaxplus/GASMAXPLUS_TANK_LEVEL_LIST.xml" />
	<sqlMap resource="sql/gasmaxplus/GASMAXPLUS_MANAGE_BULK.xml" />
	 
</sqlMapConfig>