<?xml version="1.0" encoding="UTF-8"?>
<!DOCTYPE sqlMap 
       PUBLIC 
             "-//ibatis.apache.org//DTD SQL Map 2.0//EN"
              "http://ibatis.apache.org/dtd/sql-map-2.dtd"
 >
 
 <sqlMap>

     <select id="GASMAXPLUS.CheckVolume.Select" resultClass="java.util.HashMap">
		SELECT
			  C_MNG_NO   AS clientNumber
			, CUST_CODE  AS customerCode
			, TRANSM_CD  AS transmitterCode
			, CUST_NAME  AS customerName
			, INST_DATE  AS installationDate
			, CUST_TEL   AS phoneNumber
			, CUST_HP    AS mobileNumber
			, ADDR       AS address
			, CUST_Bigo  AS remark
			, REPLACE(CONVERT(VARCHAR(15), ISNULL(LVL_9, -99999),0),'.00','') AS level9
			, REPLACE(CONVERT(VARCHAR(15), ISNULL(LVL_8, -99999),0),'.00','') AS level8
			, REPLACE(CONVERT(VARCHAR(15), ISNULL(LVL_7, -99999),0),'.00','') AS level7
			, REPLACE(CONVERT(VARCHAR(15), ISNULL(LVL_6, -99999),0),'.00','') AS level6
			, REPLACE(CONVERT(VARCHAR(15), ISNULL(LVL_5, -99999),0),'.00','')  AS level5
			, REPLACE(CONVERT(VARCHAR(15), ISNULL(LVL_4, -99999),0),'.00','')  AS level4
			, REPLACE(CONVERT(VARCHAR(15), ISNULL(LVL_3, -99999),0),'.00','')  AS level3
			, REPLACE(CONVERT(VARCHAR(15), ISNULL(LVL_2, -99999),0),'.00','')  AS level2
			, REPLACE(CONVERT(VARCHAR(15), ISNULL(LVL_1, -99999),0),'.00','')  AS level1
			, REPLACE(CONVERT(VARCHAR(15), ISNULL(LVL_0, -99999),0),'.00','')  AS level0
            , CAST(CUST_COUNT AS VARCHAR(15)) AS custCount
		FROM $catalogName$.dbo.$functionName$('$clientNumber$','$employeeCode$','$areaTypeCode$','$keyword$','$dayLevel9$','$dayLevel8$','$dayLevel7$','$dayLevel6$','$dayLevel5$','$dayLevel4$','$dayLevel3$','$dayLevel2$','$dayLevel1$','$dayLevel0$')
		WHERE 1=1
		<isNotEmpty prepend="AND " property="stateOk">STATE_OK = '$stateOk$'</isNotEmpty>
		<isNotEmpty prepend="AND " property="receiveDateOver">R_DATE_OVER = '$receiveDateOver$'</isNotEmpty>
		<isNotEmpty prepend="AND " property="uniformLevel">DONGIL_YN = '$uniformLevel$'</isNotEmpty>
		<isNotEmpty prepend="AND " property="lowBattery">LOW_BAT = '$lowBattery$'</isNotEmpty>
		<isNotEmpty prepend="ORDER BY " property="orderBy">$orderBy$ </isNotEmpty>
	</select>
	
</sqlMap>