<?xml version="1.0" encoding="UTF-8"?>
<!DOCTYPE sqlMap 
       PUBLIC 
             "-//ibatis.apache.org//DTD SQL Map 2.0//EN"
              "http://ibatis.apache.org/dtd/sql-map-2.dtd"
 >
 
 <sqlMap>

     <select id="GASMAXPLUS.TankLevelCount.Select" resultClass="java.util.HashMap">
		SELECT
			  C_MNG_NO                              AS clientNumber
			, CAST(LVL_STATE_ALL AS VARCHAR(10))    AS levelStateAll
			, CAST(LVL_STATE_0 AS VARCHAR(10))      AS levelState0
			, CAST(LVL_STATE_1 AS VARCHAR(10))      AS levelState1
			, CAST(LVL_STATE_2 AS VARCHAR(10))      AS levelState2
			, CAST(LVL_STATE_3 AS VARCHAR(10))      AS levelState3
			, CAST(R_DATE_OVER AS VARCHAR(10))      AS receiveDateOver
			, CAST(DONGIL_YN AS VARCHAR(10))        AS uniformLevel
			, CAST(LOW_BAT AS VARCHAR(10))          AS lowBattery
		FROM $catalogName$.dbo.$functionName$('$clientNumber$','$employeeCode$','$areaTypeCode$','$dayLevel9$','$dayLevel8$','$dayLevel7$','$dayLevel6$','$dayLevel5$','$dayLevel4$','$dayLevel3$','$dayLevel2$','$dayLevel1$','$dayLevel0$')
		WHERE 1=1
	</select>

     <select id="GASMAXPLUS.CylinderLevelCount.Select" resultClass="java.util.HashMap">
		SELECT
			  C_MNG_NO                              AS clientNumber
			, CAST(LVL_STATE_ALL AS VARCHAR(10))    AS levelStateAll
			, CAST(LVL_STATE_FULL AS VARCHAR(10))   AS levelStateFull
			, CAST(LVL_STATE_FAIL AS VARCHAR(10))   AS levelStateFail
			, CAST(R_DATE_OVER AS VARCHAR(10))      AS receiveDateOver
			, CAST(DONGIL_YN AS VARCHAR(10))        AS uniformLevel
			, CAST(LOW_BAT AS VARCHAR(10))          AS lowBattery
			, CAST(AVE_OVER AS VARCHAR(10))         AS aveOver
		FROM $catalogName$.dbo.$functionName$('$clientNumber$','$employeeCode$','$areaTypeCode$','$dayLevel9$','$dayLevel8$','$dayLevel7$','$dayLevel6$','$dayLevel5$','$dayLevel4$','$dayLevel3$','$dayLevel2$','$dayLevel1$','$dayLevel0$')
		WHERE 1=1
	</select>
	
    <select id="GASMAXPLUS.CylinderCycleCount.Select" resultClass="java.util.HashMap">
		SELECT
			  C_MNG_NO                         AS clientNumber
			, CAST(ISNULL(Count(*),0)          AS VARCHAR(10))   AS levelStateAll
			, CAST(ISNULL(SUM(Event2_CNT),0)   AS VARCHAR(10))   AS levelStateFull
			, CAST(ISNULL(SUM(Event1_CNT),0)   AS VARCHAR(10))   AS levelStateFail
			, CAST(ISNULL(SUM(RCV_OVER_CNT),0) AS VARCHAR(10))   AS receiveDateOver
			, '0'        AS uniformLevel
			, '0'          AS lowBattery

			, CAST(ISNULL(Sum ( Case WHEN  OVER_DAY_CNT = 1 AND Finish_OVER_M_CNT = 1 Then 1 WHEN  OVER_DAY_CNT = 0 AND Finish_OVER_M_CNT = 0 Then 0	ELSE  1   end), 0) AS VARCHAR(10)) AS aveOver
		FROM $catalogName$.dbo.$functionName$('$clientNumber$','$employeeCode$','$areaTypeCode$','$keyword$','$lastDate$')
		WHERE 1=1
        GROUP BY C_MNG_NO   		
	</select>

     <select id="GASMAXPLUS.CylinderMeterLevelCount.Select" resultClass="java.util.HashMap">
		SELECT
			  C_MNG_NO                            AS clientNumber
			, CAST(RCV_ALL_CNT AS VARCHAR(10))    AS rcvAllCnt
			, CAST(RCV_FAST_CNT AS VARCHAR(10))   AS rcvFastCnt
			, CAST(RCV_OVER_CNT AS VARCHAR(10))   AS rcvOverCnt
			, CAST(RCV_SLOW_CNT AS VARCHAR(10))   AS rcvSlowCnt
			, CAST(RCV_ET_CNT AS VARCHAR(10))	  AS rcvEtCnt
			, CAST(RCV_NOT_CNT AS VARCHAR(10))    AS rcvNotCnt
		FROM $catalogName$.dbo.$functionName$('$clientNumber$','$swCode$','$cAreaCode$', '$search$', '$date$')
		WHERE 1=1
	</select>

    <select id="GASMAXPLUS.CheckVolumeLevelCount.Select" resultClass="java.util.HashMap">
		SELECT
			  C_MNG_NO                              AS clientNumber
			, CAST(LVL_STATE_ALL AS VARCHAR(10))    AS levelStateAll
			, CAST(STATE_OK AS VARCHAR(10))         AS levelStateOk
			, CAST(R_DATE_OVER AS VARCHAR(10))      AS receiveDateOver
			, CAST(DONGIL_YN AS VARCHAR(10))        AS uniformLevel
			, CAST(LOW_BAT AS VARCHAR(10))          AS lowBattery
		FROM $catalogName$.dbo.$functionName$('$clientNumber$','$employeeCode$','$areaTypeCode$','$dayLevel9$','$dayLevel8$','$dayLevel7$','$dayLevel6$','$dayLevel5$','$dayLevel4$','$dayLevel3$','$dayLevel2$','$dayLevel1$','$dayLevel0$')
		WHERE 1=1
	</select>

</sqlMap>