<?xml version="1.0" encoding="UTF-8"?>
<!DOCTYPE sqlMap 
       PUBLIC 
             "-//ibatis.apache.org//DTD SQL Map 2.0//EN"
              "http://ibatis.apache.org/dtd/sql-map-2.dtd"
 >
 
 <sqlMap>

     <select id="GASMAXPLUS.CylinderPlanList.Select" resultClass="java.util.HashMap">
		SELECT
			  C_MNG_NO   AS clientNumber
			, CUST_CODE  AS customerCode
			, M_CUST_CODE  AS customerMCode
			, J_CUST_CODE  AS customerJCode
			, TRANSM_CD  AS transmCd
			, CUST_NAME  AS customerName
			, CAST(CAST(ISNULL(C_VOL, 0) AS NUMERIC(9,2)) AS VARCHAR) AS cVol
            , CAST(C_QTY AS VARCHAR(10)) AS cQty
			, C_VOL_QTY  AS cVolQty
			, C_DATE  AS cDate
			, JM_DIV  AS jmDiv
			, CAST(CONVERT(INT,ISNULL(METER_F, 0)) AS VARCHAR(10)) AS meterF
			, CAST(CAST(ISNULL(METER_T, 0) AS NUMERIC(9,2)) AS VARCHAR) AS meterT
            , CAST(SET_COUNT AS VARCHAR(10)) AS setCount
			, CAST(CONVERT(INT,ISNULL(METER_OVER, 0)) AS VARCHAR(10)) AS meterOver
			, FILTER_TYPE  AS filterType
			, RCV_TYPE  AS rcvType
			, J_STATE  AS jState
		FROM $catalogName$.dbo.$functionName$('$clientNumber$','$swCode$','$cAreaCode$', '$keyword$', '$date$')
		WHERE 1=1
		<isNotEmpty prepend="AND " property="filterType">FILTER_TYPE IN ( $filterType$ )</isNotEmpty>
		<isNotEmpty prepend="AND " property="rcvType">RCV_TYPE = '$rcvType$'</isNotEmpty>
		<isNotEmpty prepend="ORDER BY " property="orderBy">$orderBy$ </isNotEmpty>
	</select>
    
</sqlMap>