<?xml version="1.0" encoding="UTF-8"?>
<!DOCTYPE sqlMap 
       PUBLIC 
             "-//ibatis.apache.org//DTD SQL Map 2.0//EN"
              "http://ibatis.apache.org/dtd/sql-map-2.dtd"
 >
 
 <sqlMap>

     <select id="GASMAXPLUS.AppUser.Select" resultClass="java.util.HashMap">
		SELECT
		      HP_Number        AS macNumber
            , CAST(HP_SEQ AS VARCHAR(2))    AS areaSeq
		    , HP_State         AS grantState
		    , HP_Model         AS phoneModel
		    , HP_SNO           AS mobileNumber
		    , SVR_IP           AS ipAddress
		    , SVR_DBName       AS dbCatalogName
		    , SVR_User         AS dbUserID
		    , SVR_Pass         AS dbPassword
		    , SVR_Port         AS port
		    , Login_Area       AS areaCode
		    , Login_Co         AS areaName
		    , Login_User       AS userId
		    , Login_Pass       AS password
		    , CASE WHEN LEN(BA_SW_CODE) = 0 THEN ' ' ELSE BA_SW_CODE END   AS employeeCode
		    , BA_SW_Name       AS employeeName
		    , CASE WHEN LEN(BA_JY_CODE) = 0 THEN ' ' ELSE BA_JY_CODE END AS areaTypeCode
		    , BA_JY_NAME		AS areaTypeName
		    , License_Date     AS licenseDate
		    , Login_StartDate  AS joinDate
		    , Login_LastDate   AS lastLoginDate
		    , Login_EndDate    AS expiryDate
		    , App_Cert       AS menuPermission
		    , Login_Memo       AS remark
		    , BA_LIST_ALL       AS weeklyListSearchType
            , BA_SORT_CD        AS sortCode
            , ISNULL(BA_ALRAM_YN, 'N')        AS alarmGasLeakYN
			, ISNULL(CAST(Location_metr AS VARCHAR(5)),'20') AS locMeter		
		FROM
		    $catalogName$.dbo.AppUser_Tank
		WHERE 1=1
		<isNotEmpty prepend="AND " property="areaSeq">HP_SEQ = '$areaSeq$'</isNotEmpty>
        ORDER BY HP_SEQ
	</select>

     <select id="GASMAXPLUS.MultiAppUser.Select" resultClass="java.util.HashMap">
		SELECT
		      HP_Number        AS macNumber
            , CAST(HP_SEQ AS VARCHAR(2))    AS areaSeq
		    , HP_State         AS grantState
		    , HP_Model         AS phoneModel
		    , HP_SNO           AS mobileNumber
		    , SVR_IP           AS ipAddress
		    , SVR_DBName       AS dbCatalogName
		    , SVR_User         AS dbUserID
		    , SVR_Pass         AS dbPassword
		    , SVR_Port         AS port
		    , Login_Area       AS areaCode
		    , Login_Co         AS areaName
		    , Login_User       AS userId
		    , Login_Pass       AS password
		    , CASE WHEN LEN(BA_SW_CODE) = 0 THEN ' ' ELSE BA_SW_CODE END   AS employeeCode
		    , BA_SW_Name       AS employeeName
		    , CASE WHEN LEN(BA_JY_CODE) = 0 THEN ' ' ELSE BA_JY_CODE END AS areaTypeCode
		    , BA_JY_NAME		AS areaTypeName
		    , License_Date     AS licenseDate
		    , Login_StartDate  AS joinDate
		    , Login_LastDate   AS lastLoginDate
		    , Login_EndDate    AS expiryDate
		    , App_Cert       AS menuPermission
		    , Login_Memo       AS remark
		    , BA_LIST_ALL       AS weeklyListSearchType
            , BA_SORT_CD        AS sortCode
            , ISNULL(BA_ALRAM_YN, 'N')        AS alarmGasLeakYN
			, ISNULL(CAST(Location_metr AS VARCHAR(5)),'20') AS locMeter		
		FROM
		    $catalogName$.dbo.AppUser_Tank
		WHERE HP_State = 'Y'
		<isNotEmpty prepend="AND " property="macNumber">HP_Number = '$macNumber$'</isNotEmpty>
        ORDER BY HP_SEQ
	</select>

	<procedure id="GASMAXPLUS.AppUser.Insert" resultClass="java.util.HashMap" parameterClass="java.util.HashMap">
	  <![CDATA[
		   EXECUTE $catalogName$.dbo.sp_AppUser_Tank 
				@pi_HP_Number  = '$macNumber$',
				@pi_HP_Model  = '2020 ',
				@pi_HP_SNO  = '$mobileNumber$',
				@pi_Login_Co = '$areaName$',
				@pi_Login_User  = '$userId$',
				@pi_Login_Pass  = '$password$'
	   ]]>
	</procedure>
	 
    <update id="GASMAXPLUS.AppUser.Update" parameterClass="java.util.HashMap">
		UPDATE GasMax_App.dbo.AppUser_Tank
		   SET Login_Area = '$areaCode$', 
		       Login_Co  = '$areaName$',
		       Login_User = '$userId$',
		       Login_Pass = '$password$',
		       BA_SW_CODE = '$employeeCode$', 
		       BA_SW_Name = '$employeeName$', 
		       BA_JY_CODE = '$areaTypeCode$', 
		       BA_JY_Name = '$areaTypeName$',
		       BA_LIST_ALL = '$weeklyListSearchType$',
               BA_SORT_CD = '$sortCode$',
               BA_ALRAM_YN = '$alarmGasLeakYN$',
               location_metr = '$locMeter$'
		WHERE HP_Number = '$macNumber$'
          AND HP_SEQ = '$areaSeq$'
		  AND HP_State = 'Y'
    </update>

    <update id="GASMAXPLUS.AppUser.UpdateLatestLoginDate" parameterClass="java.util.HashMap">
		UPDATE GasMax_App.dbo.AppUser_Tank
		   SET Login_LastDate = convert(varchar(16), GetDate(), 121)
		WHERE HP_Number = '$macNumber$'
		  AND HP_State = 'Y'
		<isNotEmpty prepend="AND " property="areaSeq">HP_SEQ = '$areaSeq$'</isNotEmpty>
    </update>

</sqlMap>