<?xml version="1.0" encoding="UTF-8"?>
<!DOCTYPE sqlMap 
       PUBLIC 
             "-//ibatis.apache.org//DTD SQL Map 2.0//EN"
              "http://ibatis.apache.org/dtd/sql-map-2.dtd"
 >
 
 <sqlMap>

	<select id="GASMAXPLUS.ManageBulk.Setting.Select" resultClass="java.util.HashMap">
		SELECT
			  C_MNG_NO   AS clientNumber
			, APP_USER  AS appUser
			, ISNULL(JAE_DATE, '')  AS regDate
			, ISNULL(CAR_CODE, '')  AS carCode
			, ISNULL(CAR_NAME, '')  AS carName
			, ISNULL(SW_CODE, '') AS employeeCode
			, ISNULL(SW_NAME, '') AS employeeName
			, CAST(CAR_LOAD_KG AS VARCHAR(15)) AS carMaxLoadage
			, CAST(CAR_MAX_PER AS VARCHAR(15)) AS carMaxLoadingRate
			, CAST(UGF_L_TO_KG AS VARCHAR(10)) AS convertRate
			, UGF_Round_TYPE  AS convertRound
		FROM $catalogName$.dbo.FN_Bulk_Defult_GET('$clientNumber$','$appUserMobileNumber$')
		WHERE 1=1
	</select>

	<select id="GASMAXPLUS.ManageBulk.BulkCar.Select" resultClass="java.util.HashMap">
		SELECT
			  C_MNG_NO  AS clientNumber
			, CAR_CODE  AS carCode
			, CAR_NAME  AS carName
			, SW_CODE AS employeeCode
			, SW_NAME AS employeeName
		FROM $catalogName$.dbo.UB_Car
		WHERE 1=1
		<isNotEmpty prepend="AND " property="clientNumber">C_MNG_NO = '$clientNumber$'</isNotEmpty>
	</select>

	<select id="GASMAXPLUS.ManageBulk.Sawon.Select" resultClass="java.util.HashMap">
		SELECT
			  C_MNG_NO   AS clientNumber
			, SW_CODE AS employeeCode
			, SW_NAME AS employeeName
		FROM $catalogName$.dbo.B_SW_CD
		WHERE 1=1 AND DEL_YN != 'Y'
		<isNotEmpty prepend="AND " property="clientNumber">C_MNG_NO = '$clientNumber$'</isNotEmpty>
		ORDER BY C_MNG_NO, SW_NAME
	</select>
	
	<select id="GASMAXPLUS.ManageBulk.AreaTypeCode.Select" resultClass="java.util.HashMap">
		SELECT 
		    C_MNG_NO AS clientNumber
		  , C_AREA_CODE AS areaTypeCode
		  , C_AREA_NAME AS areaTypeName
		FROM $catalogName$.dbo.B_CUST_AREA  
		WHERE 1=1 
		   AND C_MNG_NO = '$clientNumber$'
		ORDER BY C_MNG_NO, C_AREA_CODE
	</select>
	
	<parameterMap id="GASMAXPLUS.ManageBulk.BulkCar.Update.ParameterValue" class="java.util.HashMap">
	    <parameter property="clientNumber"            javaType="java.lang.String" jdbcType="VARCHAR" mode="IN" />
	    <parameter property="setType"        javaType="java.lang.String" jdbcType="VARCHAR" mode="IN" />
	    <parameter property="setDate"        javaType="java.lang.String" jdbcType="VARCHAR" mode="IN" />
	    <parameter property="carCode"        javaType="java.lang.String" jdbcType="VARCHAR" mode="IN" />
	    <parameter property="carName"        javaType="java.lang.String" jdbcType="VARCHAR" mode="IN" />
	    <parameter property="employeeCode"        javaType="java.lang.String" jdbcType="VARCHAR" mode="IN" />
	    <parameter property="employeeName"        javaType="java.lang.String" jdbcType="VARCHAR" mode="IN" />
	    <parameter property="appUserMobileNumber" javaType="java.lang.String" jdbcType="VARCHAR" mode="IN" />
	    <parameter property="outputErrorCode"  javaType="java.lang.String" jdbcType="VARCHAR" mode="OUT" />
	</parameterMap>
	
	<resultMap id="GASMAXPLUS.ManageBulk.ReturnValue" class="java.util.HashMap">
		<result property="outputErrorCode" column="@po_ERROR_CODE" jdbcType="VARCHAR"/>
	</resultMap>

	<procedure id="GASMAXPLUS.ManageBulk.BulkCar.Update" resultMap="GASMAXPLUS.ManageBulk.ReturnValue" parameterMap="GASMAXPLUS.ManageBulk.BulkCar.Update.ParameterValue">
	  <![CDATA[
		   EXECUTE $catalogName$.dbo.SP_Bulk_JAEGO_POST 
				@p_C_MNG_NO  = ?,
				@p_JAE_TYPE  = ?,
				@p_JAE_DATE  = ?,
				@p_CAR_CODE  = ?,
				@p_CAR_NAME  = ?,
				@p_SW_CODE  = ?,
				@p_SW_NAME  = ?,
				@p_APP_USER  = ?,
				@po_ERROR_CODE = ?
	   ]]>
	</procedure>

	<select id="GASMAXPLUS.ManageBulk.BulkRun.Select" resultClass="java.util.HashMap">
		SELECT
			  C_MNG_NO   AS clientNumber
			, CAR_CODE  AS carCode
			, B_DATE  AS startRunDate
			, CAST(B_CAR_Km AS VARCHAR(15))  AS startCarMileage
			, CAST(B_CAR_P AS VARCHAR(15))  AS startCarVolumePer
			, CAST(B_CAR_L AS VARCHAR(15))  AS startCarVolumeL
			, CAST(B_CAR_Kg AS VARCHAR(15))  AS startCarVolumeKg
			, B_WK_DATETIME  AS startSetDate
			, E_DATE  AS endRunDate
			, CAST(E_CAR_Km AS VARCHAR(15))  AS endCarMileage
			, CAST(E_CAR_P AS VARCHAR(15))  AS endCarVolumePer
			, CAST(E_CAR_L AS VARCHAR(15))  AS endCarVolumeL
			, CAST(E_CAR_Kg AS VARCHAR(15))  AS endCarVolumeKg
			, E_WK_DATETIME  AS endSetDate
		FROM $catalogName$.dbo.FN_Bulk_JAEGO_GET('$clientNumber$','$carCode$','$findDate$')
		WHERE 1=1
	</select>
	
	<parameterMap id="GASMAXPLUS.ManageBulk.BulkRun.Update.ParameterValue" class="java.util.HashMap">
	    <parameter property="clientNumber"            javaType="java.lang.String" jdbcType="VARCHAR" mode="IN" />
	    <parameter property="setType"        javaType="java.lang.String" jdbcType="VARCHAR" mode="IN" />
	    <parameter property="setDate"        javaType="java.lang.String" jdbcType="VARCHAR" mode="IN" />
	    <parameter property="carCode"        javaType="java.lang.String" jdbcType="VARCHAR" mode="IN" />
	    <parameter property="carName"        javaType="java.lang.String" jdbcType="VARCHAR" mode="IN" />
	    <parameter property="employeeCode"        javaType="java.lang.String" jdbcType="VARCHAR" mode="IN" />
	    <parameter property="employeeName"        javaType="java.lang.String" jdbcType="VARCHAR" mode="IN" />
	    <parameter property="carMileage"        javaType="java.lang.String" jdbcType="VARCHAR" mode="IN" />
	    <parameter property="carVolumePer"        javaType="java.lang.String" jdbcType="VARCHAR" mode="IN" />
	    <parameter property="carVolumeL"        javaType="java.lang.String" jdbcType="VARCHAR" mode="IN" />
	    <parameter property="carVolumeKg"        javaType="java.lang.String" jdbcType="VARCHAR" mode="IN" />
	    <parameter property="appUserMobileNumber" javaType="java.lang.String" jdbcType="VARCHAR" mode="IN" />
	    <parameter property="outputErrorCode"  javaType="java.lang.String" jdbcType="VARCHAR" mode="OUT" />
	</parameterMap>

	<procedure id="GASMAXPLUS.ManageBulk.BulkRun.Update" resultMap="GASMAXPLUS.ManageBulk.ReturnValue" parameterMap="GASMAXPLUS.ManageBulk.BulkRun.Update.ParameterValue">
	  <![CDATA[
		   EXECUTE $catalogName$.dbo.SP_Bulk_JAEGO_POST 
				@p_C_MNG_NO  = ?,
				@p_JAE_TYPE  = ?,
				@p_JAE_DATE  = ?,
				@p_CAR_CODE  = ?,
				@p_CAR_NAME  = ?,
				@p_SW_CODE  = ?,
				@p_SW_NAME  = ?,
				@p_JAE_CAR_Km  = ?,
				@p_JAE_CAR_P  = ?,
				@p_JAE_CAR_L  = ?,
				@p_JAE_CAR_Kg  = ?,
				@p_APP_USER  = ?,
				@po_ERROR_CODE = ?
	   ]]>
	</procedure>

	<select id="GASMAXPLUS.ManageBulk.BulkGaugeState.Select" resultClass="java.util.HashMap">
		SELECT
			  C_MNG_NO   AS clientNumber
			, CAR_CODE  AS carCode
			, JAEGO_Date  AS findDate
			, CAST(JAEGO_JUN AS VARCHAR(15))  AS prevGuage
			, CAST(JAEGO_IN AS VARCHAR(15))  AS warehousing
			, CAST(JAEGO_OUT AS VARCHAR(15))  AS delivery
			, CAST(JAEGO_Real AS VARCHAR(15))  AS guage
		FROM $catalogName$.dbo.FN_Bulk_JAEGO_Select('$clientNumber$','$carCode$','$findDate$')
		WHERE 1=1
		<isNotEmpty prepend="ORDER BY " property="orderBy">$orderBy$ </isNotEmpty>
	</select>

	<select id="GASMAXPLUS.ManageBulk.BulkPrevGuage.Select" resultClass="java.util.HashMap">
		SELECT
			CAST($catalogName$.dbo.FN_Bulk_JAEGO_JUN('$clientNumber$','$carCode$','$findDate$','$findTime$') AS VARCHAR(15)) AS prevVolume
	</select>

	<select id="GASMAXPLUS.ManageBulk.CustomerByGPS.Select" resultClass="java.util.HashMap">
		SELECT
			  C_MNG_NO   AS clientNumber
			, CUST_CODE  AS customerCode
			, CUST_NAME  AS customerName
			, ISNULL(CUST_TEL, '')  AS customerTel
			, ISNULL(CUST_HP, '')  AS customerHp
			, ISNULL(ADDR, '')  AS customerAddr
			, ISNULL(RMKS, '')  AS remarks
			, ISNULL(CAST(TANK_VOL AS VARCHAR(10)), '0')  AS tankVolume
			, ISNULL(TRANSM_CD, '')  AS transmitterCode
			, ISNULL(CAST(R_LEVEL AS VARCHAR(10)), '0')  AS tankLevel
			, ISNULL(R_EVENT_DIV, '')  AS eventName
			, ISNULL(LVL_STATE, '')  AS tankLevelState
			, ISNULL(MAX_DT, '')  AS receiveDate
			, ISNULL(R_TYPE, '')  AS chargeType
		FROM $catalogName$.dbo.FN_Bulk_SEARCH_GPS('$clientNumber$','$employeeCode$','$areaCode$','$gpsX$','$gpsY$','$findDate$','$appUserMobileNumber$')
		WHERE 1=1
		ORDER BY CUST_NAME, CUST_CODE
	</select>

	<select id="GASMAXPLUS.ManageBulk.CustomerByKeyword.Select" resultClass="java.util.HashMap">
		SELECT
			  C_MNG_NO   AS clientNumber
			, CUST_CODE  AS customerCode
			, CUST_NAME  AS customerName
			, ISNULL(CUST_TEL, '')  AS customerTel
			, ISNULL(CUST_HP, '')  AS customerHp
			, ISNULL(ADDR, '')  AS customerAddr
			, ISNULL(RMKS, '')  AS remarks
			, ISNULL(CAST(TANK_VOL AS VARCHAR(10)), '0')  AS tankVolume
			, ISNULL(TRANSM_CD, '')  AS transmitterCode
			, ISNULL(CAST(R_LEVEL AS VARCHAR(10)), '0')  AS tankLevel
			, ISNULL(R_EVENT_DIV, '')  AS eventName
			, ISNULL(LVL_STATE, '')  AS tankLevelState
			, ISNULL(MAX_DT, '')  AS receiveDate
			, ISNULL(R_TYPE, '')  AS chargeType
		FROM $catalogName$.dbo.FN_Bulk_SEARCH_STR('$clientNumber$','$employeeCode$','$areaCode$','$keyword$','$findDate$','$appUserMobileNumber$')
		WHERE 1=1
		ORDER BY CUST_NAME, CUST_CODE
	</select>

	<parameterMap id="GASMAXPLUS.ManageBulk.Customer.INSERT.ParameterValue" class="java.util.HashMap">
	    <parameter property="insertType"            javaType="java.lang.String" jdbcType="VARCHAR" mode="IN" />
	    <parameter property="clientNumber"        javaType="java.lang.String" jdbcType="VARCHAR" mode="IN" />
	    <parameter property="customerCode"        javaType="java.lang.String" jdbcType="VARCHAR" mode="IN" />
	    <parameter property="customerName"        javaType="java.lang.String" jdbcType="VARCHAR" mode="IN" />
	    <parameter property="remarks"        javaType="java.lang.String" jdbcType="VARCHAR" mode="IN" />
	    <parameter property="customerZipCode"        javaType="java.lang.String" jdbcType="VARCHAR" mode="IN" />
	    <parameter property="customerNameAddr1"        javaType="java.lang.String" jdbcType="VARCHAR" mode="IN" />
	    <parameter property="customerNameAddr2"        javaType="java.lang.String" jdbcType="VARCHAR" mode="IN" />
	    <parameter property="gpsX"        javaType="java.lang.String" jdbcType="VARCHAR" mode="IN" />
	    <parameter property="gpsY"        javaType="java.lang.String" jdbcType="VARCHAR" mode="IN" />
	    <parameter property="employeeCode"        javaType="java.lang.String" jdbcType="VARCHAR" mode="IN" />
	    <parameter property="areaTypeCode"        javaType="java.lang.String" jdbcType="VARCHAR" mode="IN" />
	    <parameter property="appUserMobileNumber" javaType="java.lang.String" jdbcType="VARCHAR" mode="IN" />
	    <parameter property="outputErrorCode"  javaType="java.lang.String" jdbcType="VARCHAR" mode="OUT" />
	    <parameter property="outputCustomerCode"  javaType="java.lang.String" jdbcType="VARCHAR" mode="OUT" />
	</parameterMap>
	
	<resultMap id="GASMAXPLUS.ManageBulk.Customer.INSERT.ReturnValue" class="java.util.HashMap">
		<result property="outputErrorCode" column="@po_ERROR_CODE" jdbcType="VARCHAR"/>
		<result property="outputCustomerCode" column="@po_CUST_CODE" jdbcType="VARCHAR"/>
	</resultMap>
	
	<procedure id="GASMAXPLUS.ManageBulk.Customer.INSERT" resultMap="GASMAXPLUS.ManageBulk.Customer.INSERT.ReturnValue" parameterMap="GASMAXPLUS.ManageBulk.Customer.INSERT.ParameterValue">
	  <![CDATA[
		   EXECUTE $catalogName$.dbo.SP_Bulk_CU_INSERT
		   		@p_CUST_DIV  = ?,
				@p_C_MNG_NO  = ?,
				@p_CUST_CODE  = ?,
				@p_CUST_NAME  = ?,
				@p_CUST_RMKS  = ?,
				@p_ZIP_CD  = ?,
				@p_ADDR1  = ?,
				@p_ADDR2  = ?,
				@p_GPS_X  = ?,
				@p_GPS_Y  = ?,
				@p_SW_CODE  = ?,
				@p_C_AREA_CODE  = ?,
				@p_APP_USER  = ?,
				@po_ERROR_CODE  = ?,
				@po_CUST_CODE  = ?
	   ]]>
	</procedure>

	<select id="GASMAXPLUS.ManageBulk.BulkChargeState.Select" resultClass="java.util.HashMap">
		SELECT
			  C_MNG_NO   AS clientNumber
			, CAR_CODE  AS carCode
			, CAST(R_SNO AS VARCHAR(15))  AS chargeSeqNo
			, R_DATE  AS chargeDate
			, R_TIME  AS chargeTime
			, R_TYPE  AS chargeType
			, TRANSM_CD  AS transmitterCode
			, CUST_CODE  AS customerCode
			, CUST_NAME  AS customerName
			, CAST(R_NET_VOL_L AS VARCHAR(10))  AS chargeVolumeL
			, CAST(R_NET_VOL_KG AS VARCHAR(10))  AS chargeVolumeKg
			, GPS_X  AS gpsX
			, GPS_Y  AS gpsY
		FROM $catalogName$.dbo.FN_Bulk_Volume_List('$clientNumber$','$carCode$','$findDate$','$keyword$')
		WHERE 1=1
		ORDER BY R_DATE, R_TIME DESC
	</select>

	<select id="GASMAXPLUS.ManageBulk.BulkCharge.Select" resultClass="java.util.HashMap">
		SELECT
			  C_MNG_NO   AS clientNumber
			, CAR_CODE  AS carCode
			, R_DATE  AS chargeDate
			, R_TIME  AS chargeTime
			, CAR_NAME  AS carName
			, TRANSM_CD  AS transmitterCode
			, R_TYPE  AS chargeType
			, CUST_CODE  AS customerCode
			, CUST_NAME  AS customerName
			, SW_CODE  AS employeeCode
			, SW_NAME  AS employeeName
			, CAST(R_NET_VOL_L AS VARCHAR(10))  AS chargeVolumeL
			, CAST(R_NET_VOL_KG AS VARCHAR(10))  AS chargeVolumeKg
			, CAST(R_TOT_VOL_L AS VARCHAR(10))  AS totalChargeVolumeL
			, CAST(R_DELIVERY AS VARCHAR(15))  AS chargeCount
			, CAST(R_TEMPERATURE AS VARCHAR(5))  AS temperature
			, CAST(R_DANGA AS VARCHAR(10))  AS unitPrice
			, CAST(R_KUMACK AS VARCHAR(15))  AS price
			, R_MEMO  AS memo
		FROM $catalogName$.dbo.FN_Bulk_Volume_Select('$clientNumber$','$carCode$','$findDate$','$findTime$')
		WHERE 1=1
		<isNotEmpty prepend="ORDER BY " property="orderBy">$orderBy$ </isNotEmpty>
	</select>
	
	<select id="GASMAXPLUS.ManageBulk.BulkBuy.Select" resultClass="java.util.HashMap">
		SELECT
			  C_MNG_NO   AS clientNumber
			, CAR_CODE  AS carCode
			, BUY_TYPE  AS buyType
			, CAR_DATE  AS buyDate
			, CAST(R_SNO AS VARCHAR(15))  AS seqNo
			, CUST_CODE  AS customerCode
			, CUST_NAME  AS customerName
			, SW_CODE  AS employeeCode
			, SW_NAME  AS employeeName
			, CAST(TS_BEFORE_KG AS VARCHAR(10))  AS beforeVolumeKg
			, CAST(TS_CHARGE_L AS VARCHAR(10))  AS chargeVolumeL
			, CAST(TS_CHARGE_KG AS VARCHAR(10))  AS chargeVolumeKg
			, CAST(TS_AFTER_KG AS VARCHAR(10))  AS afterVolumeKg
			, CAST(TS_DANGA AS VARCHAR(10))  AS unitPrice
			, CAST(TS_KUMACK AS VARCHAR(15))  AS price
			, TS_MEMO  AS memo
		FROM $catalogName$.dbo.FN_Bulk_CHARGE_Select('$clientNumber$','$carCode$','$buyDate$')
		WHERE 1=1
		<isNotEmpty prepend="ORDER BY " property="orderBy">$orderBy$ </isNotEmpty>
	</select>
	
	<select id="GASMAXPLUS.ManageBulk.BulkSupplier.Select" resultClass="java.util.HashMap">
		SELECT
			  C_MNG_NO   AS clientNumber
			, BU_TYPE AS supplierType
			, BU_CODE AS supplierCode
			, BU_NAME AS supplierName
		FROM $catalogName$.dbo.UB_BUY
		WHERE 1=1
		<isNotEmpty prepend="AND " property="clientNumber">C_MNG_NO = '$clientNumber$'</isNotEmpty>
		<isNotEmpty prepend="AND " property="buyType">BU_TYPE = '$buyType$'</isNotEmpty>
		ORDER BY C_MNG_NO, BU_TYPE, BU_NAME
	</select>
	
	<select id="GASMAXPLUS.ManageBulk.BulkGpsLine.Select" resultClass="java.util.HashMap">
		SELECT
			  C_MNG_NO   AS clientNumber
			, CAR_CODE  AS carCode
			, CAR_NAME  AS carName
			, CAR_TYPE  AS carType
			, R_DATE  AS receiveDate
			, R_TIME  AS receiveTime
			, GPS_X  AS gpsX
			, GPS_Y  AS gpsY
			, GPS_Event  AS gpsEvent
		FROM $catalogName$.dbo.FN_TANK_GPS_LINE ('$clientNumber$','$carCode$','$findDate$')
		WHERE 1=1
		ORDER BY CAR_CODE, R_DATE, R_TIME
	</select>
	
	<select id="GASMAXPLUS.ManageBulk.BulkLastGps.Select" resultClass="java.util.HashMap">
		SELECT
			  C_MNG_NO   AS clientNumber
			, CAR_CODE  AS carCode
			, CAR_NAME  AS carName
			, CAR_TYPE  AS carType
			, R_DATE  AS receiveDate
			, R_TIME  AS receiveTime
			, GPS_X  AS gpsX
			, GPS_Y  AS gpsY
			, GPS_Event  AS gpsEvent
		FROM $catalogName$.dbo.FN_TANK_LAST_GPS ('$clientNumber$','$carCode$','$findDate$')
		WHERE 1=1
		ORDER BY CAR_CODE, R_DATE, R_TIME
	</select>
	
	<parameterMap id="GASMAXPLUS.ManageBulk.BulkBuy.Insert.ParameterValue" class="java.util.HashMap">
	    <parameter property="buyDate"            javaType="java.lang.String" jdbcType="VARCHAR" mode="IN" />
	    <parameter property="buyType"            javaType="java.lang.String" jdbcType="VARCHAR" mode="IN" />
	    <parameter property="clientNumber"            javaType="java.lang.String" jdbcType="VARCHAR" mode="IN" />
	    <parameter property="carCode"        javaType="java.lang.String" jdbcType="VARCHAR" mode="IN" />
	    <parameter property="seqNo"        javaType="java.lang.String" jdbcType="VARCHAR" mode="IN" />
	    <parameter property="customerCode"        javaType="java.lang.String" jdbcType="VARCHAR" mode="IN" />
	    <parameter property="customerName"        javaType="java.lang.String" jdbcType="VARCHAR" mode="IN" />
	    <parameter property="employeeCode"        javaType="java.lang.String" jdbcType="VARCHAR" mode="IN" />
	    <parameter property="employeeName"        javaType="java.lang.String" jdbcType="VARCHAR" mode="IN" />
	    <parameter property="beforeVolumeKg"        javaType="java.lang.String" jdbcType="VARCHAR" mode="IN" />
	    <parameter property="chargeVolumeL"        javaType="java.lang.String" jdbcType="VARCHAR" mode="IN" />
	    <parameter property="chargeVolumeKg"        javaType="java.lang.String" jdbcType="VARCHAR" mode="IN" />
	    <parameter property="afterVolumeKg"        javaType="java.lang.String" jdbcType="VARCHAR" mode="IN" />
	    <parameter property="unitPrice"        javaType="java.lang.String" jdbcType="VARCHAR" mode="IN" />
	    <parameter property="price"        javaType="java.lang.String" jdbcType="VARCHAR" mode="IN" />
	    <parameter property="memo"        javaType="java.lang.String" jdbcType="VARCHAR" mode="IN" />
	    <parameter property="latitude"        javaType="java.lang.String" jdbcType="VARCHAR" mode="IN" />
	    <parameter property="longitude"        javaType="java.lang.String" jdbcType="VARCHAR" mode="IN" />
	    <parameter property="appUserMobileNumber" javaType="java.lang.String" jdbcType="VARCHAR" mode="IN" />
	    <parameter property="outputErrorCode"  javaType="java.lang.String" jdbcType="VARCHAR" mode="OUT" />
	</parameterMap>
	
	<procedure id="GASMAXPLUS.ManageBulk.BulkBuy.Insert" resultMap="GASMAXPLUS.ManageBulk.ReturnValue" parameterMap="GASMAXPLUS.ManageBulk.BulkBuy.Insert.ParameterValue">
	  <![CDATA[
		   EXECUTE $catalogName$.dbo.SP_SAVE_CHARGE_DATA_APP
		   		@p_CAR_DATE = ?,
				@p_BUY_TYPE = ?,
				@p_C_MNG_NO = ?,
				@p_CAR_CODE = ?,
				@p_R_SNO = ?,
				@p_CUST_CODE = ?,
				@p_CUST_NAME = ?,
				@p_SW_CODE = ?,
				@p_SW_NAME = ?,
				@p_BEFORE_KG = ?,
				@p_CHARGE_L = ?,
				@p_CHARGE_KG = ?,
				@p_AFTER_KG = ?,
				@p_DANGA = ?,
				@p_KUMACK = ?,
				@p_MEMO = ?,
				@p_GPS_X = ?,
				@p_GPS_Y = ?,
				@p_APP_USER = ?,
				@po_ERROR_CODE = ?
	   ]]>
	</procedure>
	
	<parameterMap id="GASMAXPLUS.ManageBulk.BulkCharge.INSERT.ParameterValue" class="java.util.HashMap">
	    <parameter property="insertType"            javaType="java.lang.String" jdbcType="VARCHAR" mode="IN" />
	    <parameter property="chargeDate"        javaType="java.lang.String" jdbcType="VARCHAR" mode="IN" />
	    <parameter property="clientNumber"        javaType="java.lang.String" jdbcType="VARCHAR" mode="IN" />
	    <parameter property="carCode"        javaType="java.lang.String" jdbcType="VARCHAR" mode="IN" />
	    <parameter property="chargeSeqNo"        javaType="java.lang.String" jdbcType="VARCHAR" mode="IN" />
	    <parameter property="chargeType"        javaType="java.lang.String" jdbcType="VARCHAR" mode="IN" />
	    <parameter property="customerCode"        javaType="java.lang.String" jdbcType="VARCHAR" mode="IN" />
	    <parameter property="customerName"        javaType="java.lang.String" jdbcType="VARCHAR" mode="IN" />
	    <parameter property="employeeCode"        javaType="java.lang.String" jdbcType="VARCHAR" mode="IN" />
	    <parameter property="employeeName"        javaType="java.lang.String" jdbcType="VARCHAR" mode="IN" />
	    <parameter property="chargeVolumeL"        javaType="java.lang.String" jdbcType="VARCHAR" mode="IN" />
	    <parameter property="chargeVolumeKg"        javaType="java.lang.String" jdbcType="VARCHAR" mode="IN" />
	    <parameter property="memo"        javaType="java.lang.String" jdbcType="VARCHAR" mode="IN" />
	    <parameter property="gpsX"        javaType="java.lang.String" jdbcType="VARCHAR" mode="IN" />
	    <parameter property="gpsY"        javaType="java.lang.String" jdbcType="VARCHAR" mode="IN" />
	    <parameter property="appUserMobileNumber" javaType="java.lang.String" jdbcType="VARCHAR" mode="IN" />
	    <parameter property="outputErrorCode"  javaType="java.lang.String" jdbcType="VARCHAR" mode="OUT" />
	</parameterMap>
	
	<procedure id="GASMAXPLUS.ManageBulk.BulkCharge.INSERT" resultMap="GASMAXPLUS.ManageBulk.ReturnValue" parameterMap="GASMAXPLUS.ManageBulk.BulkCharge.INSERT.ParameterValue">
	  <![CDATA[
		   EXECUTE $catalogName$.dbo.SP_SAVE_UB_DATA_APP
		   		@p_Data_DIV  = ?,
				@p_Date  = ?,
				@p_C_MNG_NO  = ?,
				@p_CAR_CODE  = ?,
				@p_R_SNO  = ?,
				@p_TYPE  = ?,
				@p_CUST_CODE  = ?,
				@p_CUST_NAME  = ?,
				@p_SW_CODE  = ?,
				@p_SW_NAME  = ?,
				@p_NET_VOL_L  = ?,
				@p_NET_VOL_KG  = ?,
				@p_MEMO  = ?,
				@p_GPS_X  = ?,
				@p_GPS_Y  = ?,
				@p_APP_USER  = ?,
				@po_ERROR_CODE = ?
	   ]]>
	</procedure>
	
	<select id="GASMAXPLUS.ManageBulk.TankCustInfo.Select" resultClass="java.util.HashMap">
		SELECT
			  C_MNG_NO   AS clientNumber
			, CUST_CODE  AS customerCode
			, CUST_NAME  AS customerName
			, ISNULL(RMKS, '')  AS remark
			, ISNULL(CUST_TEL, '')  AS customerTel
			, ISNULL(CUST_HP, '')  AS customerHp
			, ZIP_CD as customerZipCode
			, ISNULL(ADDR1, '')  AS customerAddr1
			, ISNULL(ADDR2, '')  AS customerAddr2
			, GPS_X  AS gpsX
			, GPS_Y  AS gpsY
			, SW_CODE  AS employeeCode
			, SW_NAME  AS employeeName
			, C_AREA_CODE AS areaTypeCode
			, C_AREA_NAME AS areaTypeName
			, ISNULL(TRANSM_CD, '')  AS transmitterCode
			, ISNULL(CAST(TANK_VOL AS VARCHAR(10)), '0')  AS tankVolume
			, ISNULL(CAST(R_TYPE AS CHAR(1)), '0')  AS chargeType
		FROM $catalogName$.dbo.FN_TANK_CUST_INFO ('$clientNumber$','$customerCode$')
		WHERE 1=1
	</select>
</sqlMap>