<?xml version="1.0" encoding="UTF-8"?>
<!DOCTYPE sqlMap 
       PUBLIC 
             "-//ibatis.apache.org//DTD SQL Map 2.0//EN"
              "http://ibatis.apache.org/dtd/sql-map-2.dtd"
 >
 
 <sqlMap>

     <select id="GASMAXPLUS.CylinderList.Select" resultClass="java.util.HashMap">
		SELECT
			  C_MNG_NO   AS clientNumber
			, CUST_CODE  AS customerCode
			, TRANSM_CD  AS transmitterCode
			, CUST_NAME  AS customerName
			, INST_DATE  AS installationDate
			, CUST_TEL   AS phoneNumber
			, CUST_HP    AS mobileNumber
			, ADDR       AS address
			, CUST_Bigo  AS remark
            , CAST(C_VOL_NAME AS VARCHAR(10)) AS itemName
            , CAST(C_QTY AS VARCHAR(10)) AS itemQty
			, LVL_9 AS level9
			, LVL_8 AS level8
			, LVL_7 AS level7
			, LVL_6 AS level6
			, LVL_5 AS level5
			, LVL_4 AS level4
			, LVL_3 AS level3
			, LVL_2 AS level2
			, LVL_1 AS level1
			, LVL_0 AS level0
            , LVL_STATE AS lastLevel
		FROM $catalogName$.dbo.$functionName$('$clientNumber$','$employeeCode$','$areaTypeCode$','$keyword$','$dayLevel9$','$dayLevel8$','$dayLevel7$','$dayLevel6$','$dayLevel5$','$dayLevel4$','$dayLevel3$','$dayLevel2$','$dayLevel1$','$dayLevel0$')
		WHERE 1=1
		<isNotEmpty prepend="AND " property="levelStates">LVL_STATE IN ($levelStates$)</isNotEmpty>
		<isNotEmpty prepend="AND " property="receiveDateOver">R_DATE_OVER = '$receiveDateOver$'</isNotEmpty>
		<isNotEmpty prepend="AND " property="uniformLevel">DONGIL_YN = '$uniformLevel$'</isNotEmpty>
		<isNotEmpty prepend="AND " property="lowBattery">LOW_BAT = '$lowBattery$'</isNotEmpty>
		<isNotEmpty prepend="ORDER BY " property="orderBy">$orderBy$ </isNotEmpty>
	</select>
	
</sqlMap>