<?xml version="1.0" encoding="UTF-8"?>
<!DOCTYPE sqlMap 
       PUBLIC 
             "-//ibatis.apache.org//DTD SQL Map 2.0//EN"
              "http://ibatis.apache.org/dtd/sql-map-2.dtd"
 >
 
 <sqlMap>

     <select id="GASMAXPLUS.Cylinder.Select" resultClass="java.util.HashMap">
		SELECT
			  C_MNG_NO   AS clientNumber
			, CUST_CODE  AS customerCode
			, TRANSM_CD  AS transmitterCode
			, CUST_NAME  AS customerName
			, INST_DATE  AS installationDate
			, CUST_TEL   AS phoneNumber
			, CUST_HP    AS mobileNumber
			, ADDR       AS address
			, CUST_Bigo  AS remark
			, LVL_9 AS level9
			, LVL_8 AS level8
			, LVL_7 AS level7
			, LVL_6 AS level6
			, LVL_5 AS level5
			, LVL_4 AS level4
			, LVL_3 AS level3
			, LVL_2 AS level2
			, LVL_1 AS level1
			, LVL_0 AS level0
			, C_VOL_QTY	AS volQty
			, GUM_GAGE_COLER	AS gumGageColer
			, CAST(CAST(ISNULL(LAST_R_METER, 0) AS NUMERIC(9,2)) AS VARCHAR) AS lastRMeter
			, CAST(CONVERT(INT,ISNULL(GUM_GAGE, 0)) AS VARCHAR(10)) AS gumGage
			, CUST_NAME_COLER AS custNameColer
		FROM $catalogName$.dbo.$functionName$('$clientNumber$','$employeeCode$','$areaTypeCode$','$keyword$','$dayLevel9$','$dayLevel8$','$dayLevel7$','$dayLevel6$','$dayLevel5$','$dayLevel4$','$dayLevel3$','$dayLevel2$','$dayLevel1$','$dayLevel0$')
		WHERE 1=1
		<isNotEmpty prepend="AND " property="levelStates">LVL_STATE IN ($levelStates$)</isNotEmpty>
		<isNotEmpty prepend="AND " property="receiveDateOver">R_DATE_OVER = '$receiveDateOver$'</isNotEmpty>
		<isNotEmpty prepend="AND " property="aveOver">AVE_OVER = '$aveOver$'</isNotEmpty>
		<isNotEmpty prepend="AND " property="lowBattery">LOW_BAT = '$lowBattery$'</isNotEmpty>
		<isNotEmpty prepend="ORDER BY " property="orderBy">$orderBy$ </isNotEmpty>
	</select>
	
</sqlMap>