<?xml version="1.0" encoding="UTF-8"?>
<!DOCTYPE sqlMap 
       PUBLIC 
             "-//ibatis.apache.org//DTD SQL Map 2.0//EN"
              "http://ibatis.apache.org/dtd/sql-map-2.dtd"
 >
 <!-- 탱크잔량(지도용) -->
 <sqlMap>
	<!-- 조회 -->
	<select id="GASMAXEYE.TankLevelList.Select" resultClass="java.util.HashMap">
		SELECT
			C_MNG_NO   AS clientNumber
		  , CUST_CODE  AS customerCode
		  , TANK_CODE  AS tankCode
		  , TRANSM_CD  AS transmitterCode
		  , ISNULL(CUST_NAME, '') AS customerName
		  , ISNULL(CUST_TEL, '') AS customerTel
		  , ISNULL(CUST_HP, '') AS customerHp
		  , ISNULL(SW_CODE, '') AS sawonCode
		  , ISNULL(SW_CODE_NAME, '') AS sawonName
		  , ISNULL(AREA_CODE, '') AS areaTypeCode
		  , ISNULL(AREA_CODE_NAME, '') AS areaTypeName
		  , ISNULL(ZIP_CD, '') AS zipCode
		  , RTRIM(ISNULL(ADDR, '')) AS address
		  , ISNULL(MAP_POINT_X, '') AS latitude
		  , ISNULL(MAP_POINT_Y, '') AS longitude
		  , REPLACE(CONVERT(VARCHAR(15), ISNULL(ALRAM_LEVEL, 0), 1),'.00','') AS alarmLevel
		  , ISNULL(RMKS, '') AS remark
		  , ISNULL(MAKE_CO, '') AS makeCompany
		  , ISNULL(TANK_SNO, '') AS tankSerialNumber
		  , ISNULL(MAKE_SNO, '') AS makeSerialNumber
		  , REPLACE(CONVERT(VARCHAR(15), ISNULL(TANK_VOL, 0), 1),'.00','') AS tankVolume
		  , ISNULL(MAKE_DATE, '') AS makeDate
		  , ISNULL(TANK_RCV, '') AS tankReceive
		  , ISNULL(INST_DATE, '') AS installDate
		  , ISNULL(INSP_DATE, '') AS inspectDate
		  , ISNULL(INSP_EXP_DATE, '') AS inspectExpectDate
		  , REPLACE(CONVERT(VARCHAR(15), ISNULL(MM_CNT, 0), 1),'.00','') AS monthCount
		  , REPLACE(CONVERT(VARCHAR(15), ISNULL(DD_CNT, 0), 1),'.00','') AS dayCount
		  , REPLACE(CONVERT(VARCHAR(15), ISNULL(LVL_9, 0), 1),'.00','') AS level9
		  , REPLACE(CONVERT(VARCHAR(15), ISNULL(LVL_8, 0), 1),'.00','') AS level8
		  , REPLACE(CONVERT(VARCHAR(15), ISNULL(LVL_7, 0), 1),'.00','') AS level7
		  , REPLACE(CONVERT(VARCHAR(15), ISNULL(LVL_6, 0), 1),'.00','') AS level6
		  , REPLACE(CONVERT(VARCHAR(15), ISNULL(LVL_5, 0), 1),'.00','') AS level5
		  , REPLACE(CONVERT(VARCHAR(15), ISNULL(LVL_4, 0), 1),'.00','') AS level4
		  , REPLACE(CONVERT(VARCHAR(15), ISNULL(LVL_3, 0), 1),'.00','') AS level3
		  , REPLACE(CONVERT(VARCHAR(15), ISNULL(LVL_2, 0), 1),'.00','') AS level2
		  , REPLACE(CONVERT(VARCHAR(15), ISNULL(LVL_1, 0), 1),'.00','') AS level1
		  , REPLACE(CONVERT(VARCHAR(15), ISNULL(LVL_0, 0), 1),'.00','') AS level0
		  , ISNULL(TRANSM_SNO, '') AS transmitterSerialNumber
		  , ISNULL(TRANSM_TYPE_NAME, '') AS transmitterTypeName
		  , ISNULL(TRANSM_BAT_Name, '') AS transmitterBatteryName
		  , ISNULL(TRANSM_TEL, '') AS transmitterTel
		  , RTRIM(ISNULL(TRANSM_RENT_YN, '')) AS transmitterRent
		  , ISNULL(LAST_R_DATE, '') AS lastReceiveDate
		  , ISNULL(LAST_R_TIME, '') AS lastReceiveTime
		  , REPLACE(CONVERT(VARCHAR(15), ISNULL(LVL_LAST, 0), 1),'.00','') AS lastLevel
		  , ISNULL(R_EVENT_DIV, '') AS receiveEvent
		  , ISNULL(R_EVENT_NAME, '') AS receiveEventName
		  , REPLACE(CONVERT(VARCHAR(15), ISNULL(BAT_PERCENT, 0), 1),'.00','') AS batteryPercent
		  , REPLACE(CONVERT(VARCHAR(15), ISNULL(R_BAT_VOLT, 0), 1),'.00','') AS receiveBatteryVolt
		  , ISNULL(LVL_STATE, '') AS levelState
		  , ISNULL(R_DATE_OVER, '') AS receiveDateOver
		  , ISNULL(DONGIL_YN, '') AS uniformLevel
		  , ISNULL(LOW_BAT, '') AS lowBattery
		FROM $catalogName$.dbo.fn_Tank_Level('$clientNumber$','$sawonCode$','$areaTypeCode$','$keyword$','$dayLevel9$','$dayLevel8$','$dayLevel7$','$dayLevel6$','$dayLevel5$','$dayLevel4$','$dayLevel3$','$dayLevel2$','$dayLevel1$','$dayLevel0$')
		WHERE 1=1
		<isNotEmpty prepend="AND " property="levelStates">LVL_STATE IN ($levelStates$)</isNotEmpty>
		<isNotEmpty prepend="AND " property="noneMapPoint">(ISNULL(MAP_POINT_X, '') = '' OR ISNULL(MAP_POINT_Y, '') = '')</isNotEmpty>
		<isNotEmpty prepend="AND " property="receiveDateOver">R_DATE_OVER = '$receiveDateOver$'</isNotEmpty>
		<isNotEmpty prepend="AND " property="uniformLevel">DONGIL_YN = '$uniformLevel$'</isNotEmpty>
		<isNotEmpty prepend="AND " property="lowBattery">LOW_BAT = '$lowBattery$'</isNotEmpty>
		ORDER BY LVL_LAST, CUST_CODE
	</select>
	
	<!-- 위경도 조회 -->
	<select id="GASMAXEYE.MyCompany.Select" resultClass="java.util.HashMap">
		SELECT
			C_MNG_NO   AS clientNumber
		  , COMP_NAME  AS companyName
		  , ISNULL(ZIP_CD, '') AS zipCode
		  , RTRIM(ISNULL(ADDR, '')) AS address
		  , ISNULL(MAP_POINT_X, '') AS latitude
		  , ISNULL(MAP_POINT_Y, '') AS longitude
		FROM $catalogName$.dbo.fn_My_Comp('$clientNumber$')
	</select>
		
</sqlMap>