<?xml version="1.0" encoding="UTF-8"?>
<!DOCTYPE sqlMap 
       PUBLIC 
             "-//ibatis.apache.org//DTD SQL Map 2.0//EN"
              "http://ibatis.apache.org/dtd/sql-map-2.dtd"
 >
 <!-- 절체기 -->
 <sqlMap>
	<!-- 거래처 수신이력 -->
	<select id="GASMAXEYE.CylinderCustomerDetail.Select" resultClass="java.util.HashMap">
		SELECT
			  C_MNG_NO          AS clientNumber
			, CUST_CODE         AS customerCode
			, R_TRANSM_CD       AS transmitterCode
			, R_DATE            AS receiveDate
			, R_TIME            AS receiveTime
			, REPLACE(CONVERT(VARCHAR(15), ISNULL(R_LEVEL, 0),1),'.00','')           AS level
			, R_EVENT_DIV       AS eventCode
			, R_EVENT_DIV_NAME  AS eventName
			, CAST(CAST(ISNULL(R_BAT_VOLT, -1) AS NUMERIC(9,2)) AS VARCHAR) AS batteryVolt
		FROM $catalogName$.dbo.FN_Cylinder_CU_LIST('$clientNumber$','$customerCode$','$startDate$','$endDate$')
		WHERE 1=1
		ORDER BY R_DATE DESC, R_TIME DESC
	</select>
	
	<!-- 조회 -->
	<select id="GASMAXEYE.CylinderCustomerList.Select" resultClass="java.util.HashMap">
		SELECT
			C_MNG_NO   AS clientNumber
		  , CUST_CODE  AS customerCode
		  , TRANSM_CD  AS transmitterCode
		  , CUST_Sort  AS customerSort
		  , ISNULL(CUST_NAME, '') AS customerName
		  , ISNULL(CUST_TEL, '') AS customerTel
		  , ISNULL(CUST_HP, '') AS customerHp
		  , ISNULL(SW_CODE, '') AS sawonCode
		  , ISNULL(SW_CODE_NAME, '') AS sawonName
		  , ISNULL(AREA_CODE, '') AS areaTypeCode
		  , ISNULL(AREA_CODE_NAME, '') AS areaTypeName
		  , RTRIM(ISNULL(ADDR, '')) AS address
		  , ISNULL(CUST_Bigo, '') AS customerBigo
		  , ISNULL(INST_DATE, '') AS installDate
		  , ISNULL(C_VOL, '') AS itemCode
		  , ISNULL(C_VOL_NAME, '') AS itemName
		  , ISNULL(C_QTY, '') AS itemQuantity
		  , ISNULL(LVL_9, '') AS level9
		  , ISNULL(LVL_8, '') AS level8
		  , ISNULL(LVL_7, '') AS level7
		  , ISNULL(LVL_6, '') AS level6
		  , ISNULL(LVL_5, '') AS level5
		  , ISNULL(LVL_4, '') AS level4
		  , ISNULL(LVL_3, '') AS level3
		  , ISNULL(LVL_2, '') AS level2
		  , ISNULL(LVL_1, '') AS level1
		  , ISNULL(LVL_0, '') AS level0
		  , ISNULL(LAST_R_DATE, '') AS lastReceiveDate
		  , ISNULL(LAST_R_TIME, '') AS lastReceiveTime
		  , ISNULL(R_EVENT_DIV, '') AS receiveEvent
		  , REPLACE(CONVERT(VARCHAR(15), ISNULL(R_BAT_VOLT, 0), 1),'.00','') AS receiveBatteryVolt
		  , ISNULL(LVL_STATE, '') AS levelState
		  , ISNULL(R_DATE_OVER, '') AS receiveDateOver
		  , ISNULL(Dongil_YN, '') AS uniformLevel
		  , ISNULL(LOW_BAT, '') AS lowBattery
		FROM $catalogName$.dbo.$functionName$('$clientNumber$','$sawonCode$','$areaTypeCode$','$keyword$','$dayLevel9$','$dayLevel8$','$dayLevel7$','$dayLevel6$','$dayLevel5$','$dayLevel4$','$dayLevel3$','$dayLevel2$','$dayLevel1$','$dayLevel0$')
		WHERE 1=1
		<isNotEmpty prepend="AND " property="levelStates">LVL_STATE IN ($levelStates$)</isNotEmpty>
		<isNotEmpty prepend="AND " property="receiveDateOver">R_DATE_OVER = '$receiveDateOver$'</isNotEmpty>
		<isNotEmpty prepend="AND " property="uniformLevel">Dongil_YN = '$uniformLevel$'</isNotEmpty>
		<isNotEmpty prepend="AND " property="lowBattery">LOW_BAT = '$lowBattery$'</isNotEmpty>
		ORDER BY CUST_Sort, CUST_CODE
	</select>
</sqlMap>