<?xml version="1.0" encoding="UTF-8"?>
<!DOCTYPE sqlMap 
       PUBLIC 
             "-//ibatis.apache.org//DTD SQL Map 2.0//EN"
              "http://ibatis.apache.org/dtd/sql-map-2.dtd"
 >
 <!-- 탱크잔량 -->
 <sqlMap>
	<!-- 조회 -->
	<select id="GASMAXEYE.WeeklyList.Select" resultClass="java.util.HashMap">
		SELECT
			  C_MNG_NO   AS clientNumber
			, TANK_CODE  AS tankCode
			, CUST_CODE  AS customerCode
			, TRANSM_CD  AS transmitterCode
			, REPLACE(CONVERT(VARCHAR(15), ISNULL(TANK_VOL, 0),1),'.00','')   AS tankCapacity
			, CUST_NAME  AS customerName
			, INST_DATE  AS installationDate
			, CUST_TEL   AS phoneNumber
			, CUST_HP    AS mobileNumber
			, ADDR       AS address
			, REPLACE(CONVERT(VARCHAR(15), ISNULL(LVL_6, 0),1),'.00','')      AS level6
			, REPLACE(CONVERT(VARCHAR(15), ISNULL(LVL_5, 0),1),'.00','')      AS level5
			, REPLACE(CONVERT(VARCHAR(15), ISNULL(LVL_4, 0),1),'.00','')      AS level4
			, REPLACE(CONVERT(VARCHAR(15), ISNULL(LVL_3, 0),1),'.00','')      AS level3
			, REPLACE(CONVERT(VARCHAR(15), ISNULL(LVL_2, 0),1),'.00','')      AS level2
			, REPLACE(CONVERT(VARCHAR(15), ISNULL(LVL_1, 0),1),'.00','')      AS level1
			, REPLACE(CONVERT(VARCHAR(15), ISNULL(LVL_0, 0),1),'.00','')      AS level0
			, R_DATE       AS lastReceiveDate
			, REPLACE(CONVERT(VARCHAR(15), ISNULL(LVL_LAST, 0),1),'.00','')      AS lastLevel
			, RMKS       AS remark
		FROM $catalogName$.dbo.$functionName$('$clientNumber$','$keyword$','$employeeCode$','$areaTypeCode$','$dayLevel6$','$dayLevel5$','$dayLevel4$','$dayLevel3$','$dayLevel2$','$dayLevel1$','$dayLevel0$')
		WHERE 1=1
		<isNotEmpty prepend="AND ALRAM=" property="ALARM">'$ALARM$'</isNotEmpty>
		<isNotEmpty prepend="AND CHECK_YN=" property="CHECK_YN">'$CHECK_YN$'</isNotEmpty>
		<isNotEmpty prepend="ORDER BY " property="orderBy">$orderBy$ </isNotEmpty>
	</select>
	
</sqlMap>